Comparison,Method,ASV,Mean Importance,Std Importance
skin_vs_nares,V4,GTGCCAGCAGCCGCGGTAATACGTAGGTGACAAGCGTTGTCCGGATTTATTGGGCGTAAAGGGAGCGCAGGCGGTCTGTTTAGTCTAATGTGAAAGCCCA,0.05598104597713285,0.004161707003531388
skin_vs_nares,V4,GTGCCAGCAGCCGCGGTAATACGTAGGGTGCAAGCGTTGTCCGGAATTACTGGGCGTAAAGAGCTCGTAGGTGGTTTGTCACGTCGTCTGTGAAATTCCA,0.05008677979134729,0.006663249101962673
skin_vs_nares,V4,GTGCCAGCAGCCGCGGTAATACGTAGGTGGCAAGCGTTATCCGGAATTATTGGGCGTAAAGCGCGCGTAGGCGGTTTTTTAAGTCTGATGTGAAAGCCCA,0.033611000684817226,0.001889913676415007
skin_vs_nares,V4,GTGCCAGCAGCCGCGGTAATACGTAGGTCCCGAGCGTTGTCCGGATTTATTGGGCGTAAAGCGAGCGCAGGCGGTTAGATAAGTCTGAAGTTAAAGGCTG,0.03066268462274621,0.005103891481814926
skin_vs_nares,V4,GTGCCAGCAGCCGCGGTAATACGGAGGGTGCGAGCGTTAATCGGAATAACTGGGCGTAAAGGGCACGCAGGCGGTTATTTAAGTGAGGTGTGAAAGCCCC,0.023108902971387596,0.0038034804267309133
skin_vs_nares,V4,GTGCCAGCAGCCGCGGTAATACGTAGGGTGCGAGCGTTATCCGGAATTATTGGGCGTAAAGAGCTCGTAGGCGGTTTGTCGCGTCTGTCGTGAAAGTCCG,0.022100927164857054,0.0007282189904865494
skin_vs_nares,V4,GTGCCAGCCGCCGCGGTAATACGTAGGTGGCAAGCGTTATCCGGAATTATTGGGCGTAAAGCGCGCGTAGGCGGTTTTTTAAGTCTGATGTGAAAGCCCA,0.020350812051491477,0.0006378330085595513
skin_vs_nares,V4,GTGCCAGCAGCCGCGGTAATACAGAGGGTGCGAGCGTTAATCGGAATTACTGGGCGTAAAGCGAGTGTAGGTGGCTCATTAAGTCACATGTGAAATCCCC,0.019714830325407145,0.0006265158088987924
skin_vs_nares,V4,GTGCCAGCCGCCGCGGTGATACGTAGGGTGCGAGCGTTGTCCGGATTTATTGGGCGTAAAGGGCTCGTAGGTGGTTGATCGCGTCGGAAGTGTAATCTTG,0.018544097805476462,0.0015297716880250246
skin_vs_nares,V4,GTGCCAGCAGCCGCGGTAATACGGAGGGTGCAAGCGTTAATCGGAATTACTGGGCGTAAAGCGCACGCAGGCGGTCTGTCAAGTCGGATGTGAAATCCCC,0.018051862505002406,0.0036176320880022157
